n_estimators,loss,learning_rate,max_depth,min_samples_split,min_samples_leaf
learning_rate,loss,max_depth,min_samples_leaf,min_samples_split,n_estimators
learning_rate,loss,max_depth,min_samples_leaf,min_samples_split,n_estimators
learning_rate,loss,max_depth,min_samples_leaf,min_samples_split,n_estimators
learning_rate,loss,max_depth,min_samples_leaf,min_samples_split,n_estimators
learning_rate,loss,max_depth,min_samples_leaf,min_samples_split,n_estimators
learning_rate,loss,max_depth,min_samples_leaf,min_samples_split,n_estimators
learning_rate,loss,max_depth,min_samples_leaf,min_samples_split,n_estimators
learning_rate,loss,max_depth,min_samples_leaf,min_samples_split,n_estimators
learning_rate,loss,max_depth,min_samples_leaf,min_samples_split,n_estimators
learning_rate,loss,max_depth,min_samples_leaf,min_samples_split,n_estimators
learning_rate,loss,max_depth,min_samples_leaf,min_samples_split,n_estimators
learning_rate,loss,max_depth,min_samples_leaf,min_samples_split,n_estimators
learning_rate,loss,max_depth,min_samples_leaf,min_samples_split,n_estimators
learning_rate,loss,max_depth,min_samples_leaf,min_samples_split,n_estimators
learning_rate,loss,max_depth,min_samples_leaf,min_samples_split,n_estimators
learning_rate,loss,max_depth,min_samples_leaf,min_samples_split,n_estimators
learning_rate,loss,max_depth,min_samples_leaf,min_samples_split,n_estimators
learning_rate,loss,max_depth,min_samples_leaf,min_samples_split,n_estimators
learning_rate,loss,max_depth,min_samples_leaf,min_samples_split,n_estimators
learning_rate,loss,max_depth,min_samples_leaf,min_samples_split,n_estimators
